[
  {
    "trial_number": 0,
    "params": {
      "n_estimators": 150,
      "max_depth": 11,
      "min_samples_split": 16,
      "min_samples_leaf": 1,
      "max_features": "sqrt",
      "criterion": "entropy"
    },
    "score": 0.2767225792155983,
    "time": 14.815729141235352
  },
  {
    "trial_number": 1,
    "params": {
      "n_estimators": 300,
      "max_depth": 9,
      "min_samples_split": 7,
      "min_samples_leaf": 9,
      "max_features": null,
      "criterion": "entropy"
    },
    "score": 0.2688970439293604,
    "time": 201.51680898666382
  },
  {
    "trial_number": 2,
    "params": {
      "n_estimators": 100,
      "max_depth": 5,
      "min_samples_split": 5,
      "min_samples_leaf": 6,
      "max_features": "sqrt",
      "criterion": "gini"
    },
    "score": 0.27956807285641966,
    "time": 5.093142032623291
  },
  {
    "trial_number": 3,
    "params": {
      "n_estimators": 150,
      "max_depth": 18,
      "min_samples_split": 19,
      "min_samples_leaf": 19,
      "max_features": "log2",
      "criterion": "gini"
    },
    "score": 0.27546940446356605,
    "time": 12.42749285697937
  },
  {
    "trial_number": 4,
    "params": {
      "n_estimators": 300,
      "max_depth": 30,
      "min_samples_split": 3,
      "min_samples_leaf": 16,
      "max_features": null,
      "criterion": "gini"
    },
    "score": 0.26809223685312716,
    "time": 256.2726991176605
  },
  {
    "trial_number": 5,
    "params": {
      "n_estimators": 100,
      "max_depth": 25,
      "min_samples_split": 2,
      "min_samples_leaf": 14,
      "max_features": "sqrt",
      "criterion": "gini"
    },
    "score": 0.27584919882763853,
    "time": 11.45055103302002
  },
  {
    "trial_number": 6,
    "params": {
      "n_estimators": 200,
      "max_depth": 13,
      "min_samples_split": 3,
      "min_samples_leaf": 3,
      "max_features": "sqrt",
      "criterion": "gini"
    },
    "score": 0.28456822916475827,
    "time": 21.50077176094055
  },
  {
    "trial_number": 7,
    "params": {
      "n_estimators": 150,
      "max_depth": 11,
      "min_samples_split": 10,
      "min_samples_leaf": 8,
      "max_features": "sqrt",
      "criterion": "gini"
    },
    "score": 0.2782495042681285,
    "time": 14.448814153671265
  },
  {
    "trial_number": 8,
    "params": {
      "n_estimators": 200,
      "max_depth": 7,
      "min_samples_split": 20,
      "min_samples_leaf": 7,
      "max_features": "sqrt",
      "criterion": "gini"
    },
    "score": 0.28087274867381046,
    "time": 13.276480913162231
  },
  {
    "trial_number": 9,
    "params": {
      "n_estimators": 200,
      "max_depth": 11,
      "min_samples_split": 18,
      "min_samples_leaf": 4,
      "max_features": "sqrt",
      "criterion": "entropy"
    },
    "score": 0.28175370225055996,
    "time": 20.289364099502563
  },
  {
    "trial_number": 10,
    "params": {
      "n_estimators": 250,
      "max_depth": 19,
      "min_samples_split": 13,
      "min_samples_leaf": 2,
      "max_features": "log2",
      "criterion": "entropy"
    },
    "score": 0.2770129160084333,
    "time": 24.127162218093872
  },
  {
    "trial_number": 11,
    "params": {
      "n_estimators": 200,
      "max_depth": 14,
      "min_samples_split": 11,
      "min_samples_leaf": 3,
      "max_features": "sqrt",
      "criterion": "entropy"
    },
    "score": 0.2834881739584129,
    "time": 22.836198329925537
  },
  {
    "trial_number": 12,
    "params": {
      "n_estimators": 250,
      "max_depth": 15,
      "min_samples_split": 9,
      "min_samples_leaf": 12,
      "max_features": "sqrt",
      "criterion": "entropy"
    },
    "score": 0.2727870954597533,
    "time": 27.051414012908936
  },
  {
    "trial_number": 13,
    "params": {
      "n_estimators": 250,
      "max_depth": 15,
      "min_samples_split": 14,
      "min_samples_leaf": 4,
      "max_features": "log2",
      "criterion": "entropy"
    },
    "score": 0.27966778804544196,
    "time": 22.51945209503174
  },
  {
    "trial_number": 14,
    "params": {
      "n_estimators": 200,
      "max_depth": 22,
      "min_samples_split": 5,
      "min_samples_leaf": 5,
      "max_features": "sqrt",
      "criterion": "gini"
    },
    "score": 0.2815942276734532,
    "time": 26.329899072647095
  },
  {
    "trial_number": 15,
    "params": {
      "n_estimators": 150,
      "max_depth": 15,
      "min_samples_split": 12,
      "min_samples_leaf": 1,
      "max_features": null,
      "criterion": "entropy"
    },
    "score": 0.26954858513918967,
    "time": 123.33271813392639
  },
  {
    "trial_number": 16,
    "params": {
      "n_estimators": 250,
      "max_depth": 21,
      "min_samples_split": 8,
      "min_samples_leaf": 10,
      "max_features": "sqrt",
      "criterion": "gini"
    },
    "score": 0.27994090042844666,
    "time": 30.057213068008423
  },
  {
    "trial_number": 17,
    "params": {
      "n_estimators": 200,
      "max_depth": 14,
      "min_samples_split": 6,
      "min_samples_leaf": 3,
      "max_features": "sqrt",
      "criterion": "entropy"
    },
    "score": 0.27498855707165965,
    "time": 22.96025013923645
  },
  {
    "trial_number": 18,
    "params": {
      "n_estimators": 150,
      "max_depth": 24,
      "min_samples_split": 16,
      "min_samples_leaf": 12,
      "max_features": null,
      "criterion": "gini"
    },
    "score": 0.26605967366105737,
    "time": 138.09589004516602
  },
  {
    "trial_number": 19,
    "params": {
      "n_estimators": 250,
      "max_depth": 13,
      "min_samples_split": 4,
      "min_samples_leaf": 6,
      "max_features": "log2",
      "criterion": "entropy"
    },
    "score": 0.2755563706758904,
    "time": 21.43262505531311
  }
]