[
  {
    "trial_number": 0,
    "params": {
      "n_neighbors": 10,
      "weights": "uniform",
      "algorithm": "kd_tree",
      "p": 1
    },
    "score": 0.13476456015979774,
    "time": 30.817250967025757
  },
  {
    "trial_number": 1,
    "params": {
      "n_neighbors": 8,
      "weights": "distance",
      "algorithm": "brute",
      "p": 1
    },
    "score": 0.14891942022808688,
    "time": 4.495798110961914
  },
  {
    "trial_number": 2,
    "params": {
      "n_neighbors": 1,
      "weights": "uniform",
      "algorithm": "auto",
      "p": 2
    },
    "score": 0.08275157455456361,
    "time": 1.0173721313476562
  },
  {
    "trial_number": 3,
    "params": {
      "n_neighbors": 1,
      "weights": "distance",
      "algorithm": "kd_tree",
      "p": 1
    },
    "score": 0.08072961534950117,
    "time": 11.208369970321655
  },
  {
    "trial_number": 4,
    "params": {
      "n_neighbors": 20,
      "weights": "uniform",
      "algorithm": "kd_tree",
      "p": 2
    },
    "score": 0.18455090510606292,
    "time": 32.20861101150513
  },
  {
    "trial_number": 5,
    "params": {
      "n_neighbors": 20,
      "weights": "distance",
      "algorithm": "ball_tree",
      "p": 1
    },
    "score": 0.18168189954004504,
    "time": 25.026020050048828
  },
  {
    "trial_number": 6,
    "params": {
      "n_neighbors": 5,
      "weights": "distance",
      "algorithm": "auto",
      "p": 2
    },
    "score": 0.14926460286258506,
    "time": 1.1171488761901855
  },
  {
    "trial_number": 7,
    "params": {
      "n_neighbors": 9,
      "weights": "distance",
      "algorithm": "auto",
      "p": 1
    },
    "score": 0.1557344491050475,
    "time": 4.5454912185668945
  },
  {
    "trial_number": 8,
    "params": {
      "n_neighbors": 12,
      "weights": "distance",
      "algorithm": "kd_tree",
      "p": 1
    },
    "score": 0.16241128250029896,
    "time": 31.01224112510681
  },
  {
    "trial_number": 9,
    "params": {
      "n_neighbors": 18,
      "weights": "distance",
      "algorithm": "auto",
      "p": 2
    },
    "score": 0.20298065188933304,
    "time": 1.197632074356079
  },
  {
    "trial_number": 10,
    "params": {
      "n_neighbors": 14,
      "weights": "uniform",
      "algorithm": "ball_tree",
      "p": 2
    },
    "score": 0.16989500579177116,
    "time": 26.08477020263672
  },
  {
    "trial_number": 11,
    "params": {
      "n_neighbors": 20,
      "weights": "uniform",
      "algorithm": "brute",
      "p": 2
    },
    "score": 0.18435129582577267,
    "time": 1.2174358367919922
  },
  {
    "trial_number": 12,
    "params": {
      "n_neighbors": 16,
      "weights": "uniform",
      "algorithm": "auto",
      "p": 2
    },
    "score": 0.174663939693978,
    "time": 1.1860668659210205
  },
  {
    "trial_number": 13,
    "params": {
      "n_neighbors": 17,
      "weights": "uniform",
      "algorithm": "kd_tree",
      "p": 2
    },
    "score": 0.1780992511005922,
    "time": 32.0231568813324
  },
  {
    "trial_number": 14,
    "params": {
      "n_neighbors": 17,
      "weights": "distance",
      "algorithm": "kd_tree",
      "p": 2
    },
    "score": 0.2006487997423466,
    "time": 32.28377914428711
  },
  {
    "trial_number": 15,
    "params": {
      "n_neighbors": 16,
      "weights": "distance",
      "algorithm": "auto",
      "p": 2
    },
    "score": 0.19958112034770675,
    "time": 1.1357812881469727
  },
  {
    "trial_number": 16,
    "params": {
      "n_neighbors": 13,
      "weights": "distance",
      "algorithm": "ball_tree",
      "p": 2
    },
    "score": 0.19067268152504271,
    "time": 26.33410882949829
  },
  {
    "trial_number": 17,
    "params": {
      "n_neighbors": 18,
      "weights": "distance",
      "algorithm": "brute",
      "p": 2
    },
    "score": 0.20298065188933304,
    "time": 1.235959768295288
  },
  {
    "trial_number": 18,
    "params": {
      "n_neighbors": 18,
      "weights": "distance",
      "algorithm": "brute",
      "p": 2
    },
    "score": 0.20298065188933304,
    "time": 1.2401630878448486
  },
  {
    "trial_number": 19,
    "params": {
      "n_neighbors": 14,
      "weights": "distance",
      "algorithm": "brute",
      "p": 2
    },
    "score": 0.19271937142416676,
    "time": 1.1774909496307373
  }
]